,series,trial,intensity,rating,fired
0,0,0,41,36.500000000000085,1
1,0,1,42,45.500000000000014,1
2,0,2,43,58.4999999999999,1
3,1,0,41,42.99999999999993,1
4,1,1,42,50.49999999999993,1
5,1,2,43,53.999999999999986,1
6,1,3,44,60.49999999999993,1
7,2,0,41,48.49999999999997,1
8,2,1,42,51.499999999999886,1
9,2,2,43,58.50000000000004,1
10,2,3,44,64.99999999999984,1
