,n,r,CI95%,p-val,BF10,power
pearson,33,0.08306008946389101,[-0.27  0.41],0.6458453595797506,0.24,0.07430197206144251
