,n,r,CI95%,p-val,BF10,power
pearson,33,-0.018503173303168682,[-0.36  0.33],0.9185957464090003,0.218,0.05073892963354516
