,n,r,CI95%,p-val,BF10,power
pearson,33,0.2573206000560354,[-0.09  0.55],0.14826935605272726,0.59,0.3087852447409207
