,n,r,CI95%,p-val,BF10,power
pearson,31,-0.03258568955646299,[-0.38  0.33],0.8618499811988176,0.227,0.053011191811029
