,n,r,CI95%,p-val,BF10,power
pearson,31,0.435687822083065,[0.1  0.68],0.014288701243260057,3.931,0.7070475555450422
