,n,r,CI95%,p-val,BF10,power
pearson,33,0.24411858543588005,[-0.11  0.54],0.1709680702011553,0.532,0.281884018907933
