,n,r,CI95%,p-val,BF10,power
pearson,33,0.22487617549980696,[-0.13  0.53],0.20832148334161096,0.463,0.24518964571131038
