,Source,SS,ddof1,ddof2,MS,F,p-unc,p-GG-corr,ng2,eps
0,condition,2251.221709280287,1,32,2251.221709280287,79.96561007016429,3.244372674638359e-10,3.244372674638359e-10,0.07834005118759146,1.0
1,block,115.31356534090884,1,32,115.31356534090884,2.297069975382705,0.1394351427413669,0.1394351427413669,0.004334994103050093,1.0
2,condition * block,1.1137547348486692,1,32,1.1137547348486692,0.04201998729442066,0.8388800331416876,0.8388800331416876,4.2050016279919726e-05,1.0
