,T,dof,alternative,p-val,CI95%,cohen-d,BF10,power
T-test,-8.942349247829936,32,two-sided,3.2443726746382056e-10,[-10.14  -6.38],0.6028005387028863,3.306e+07,0.9188233749398983
