,T,dof,alternative,p-val,CI95%,cohen-d,BF10,power
T-test,-0.4642285768955759,32,two-sided,0.6456268757413226,[-0.34  0.21],0.06430794954039232,0.206,0.06484597498902857
