,T,dof,alternative,p-val,CI95%,cohen-d,BF10,power
T-test,-0.4949290523655234,32,two-sided,0.6240315273785223,[-0.05  0.03],0.06712371059509409,0.209,0.06618620601362951
