,T,dof,alternative,p-val,CI95%,cohen-d,BF10,power
T-test,-1.589298910289848,32,two-sided,0.12182561318762737,[-0.39  0.05],0.31478035663646986,0.58,0.41850587036017506
